{"cameraMode":{"drawMode":0,"name":"Shaded","section":"Shading Mode"},"sceneLighting":false,"audioPlay":false,"sceneViewState":{"showFog":true,"showMaterialUpdate":false,"showSkybox":false,"showFlares":true,"showImageEffects":true,"showParticleSystems":true},"in2DMode":false,"pivot":{"x":0.0,"y":0.40090179443359377,"z":0.1800382137298584},"rotation":{"x":0.08743932843208313,"y":-0.8238126039505005,"z":0.1323634386062622,"w":0.5442124605178833},"size":7.495510578155518,"orthographic":false}