{"cameraMode":{"drawMode":0,"name":"Shaded","section":"Shading Mode"},"sceneLighting":false,"audioPlay":false,"sceneViewState":{"showFog":true,"showMaterialUpdate":false,"showSkybox":true,"showFlares":true,"showImageEffects":true,"showParticleSystems":true},"in2DMode":false,"pivot":{"x":0.0,"y":0.40090179443359377,"z":0.016379356384277345},"rotation":{"x":-0.13538390398025514,"y":-0.7167459726333618,"z":0.1451558768749237,"w":-0.6684879660606384},"size":2.9353737831115724,"orthographic":false}