{"cameraMode":{"drawMode":0,"name":"Shaded","section":"Shading Mode"},"sceneLighting":true,"audioPlay":false,"sceneViewState":{"showFog":true,"showMaterialUpdate":false,"showSkybox":true,"showFlares":true,"showImageEffects":true,"showParticleSystems":true},"in2DMode":false,"pivot":{"x":-2100.73681640625,"y":453.1105041503906,"z":-567.8626098632813},"rotation":{"x":-0.11777564138174057,"y":-0.717796802520752,"z":0.12530137598514558,"w":-0.6746823787689209},"size":9.993903160095215,"orthographic":false}