{"cameraMode":{"drawMode":0,"name":"Shaded","section":"Shading Mode"},"sceneLighting":false,"audioPlay":false,"sceneViewState":{"showFog":true,"showMaterialUpdate":false,"showSkybox":true,"showFlares":true,"showImageEffects":true,"showParticleSystems":true},"in2DMode":false,"pivot":{"x":-104.15776062011719,"y":34.84698486328125,"z":5.070544242858887},"rotation":{"x":-0.10489729791879654,"y":-0.7120939493179321,"z":0.10895021259784699,"w":-0.685600996017456},"size":48.698341369628909,"orthographic":false}