{"cameraMode":{"drawMode":0,"name":"Shaded","section":"Shading Mode"},"sceneLighting":false,"audioPlay":false,"sceneViewState":{"showFog":true,"showMaterialUpdate":false,"showSkybox":true,"showFlares":true,"showImageEffects":true,"showParticleSystems":true},"in2DMode":false,"pivot":{"x":370.1578369140625,"y":82.92620849609375,"z":340.3793029785156},"rotation":{"x":-0.11051785200834274,"y":-0.7710500955581665,"z":0.13936962187290193,"w":-0.6114276647567749},"size":1792.35888671875,"orthographic":false}