{"cameraMode":{"drawMode":0,"name":"Shaded","section":"Shading Mode"},"sceneLighting":true,"audioPlay":false,"sceneViewState":{"showFog":true,"showMaterialUpdate":false,"showSkybox":true,"showFlares":true,"showImageEffects":true,"showParticleSystems":true},"in2DMode":false,"pivot":{"x":121.85909271240235,"y":448.6913757324219,"z":309.8734130859375},"rotation":{"x":-0.0003774645156227052,"y":0.9992576837539673,"z":0.010171094909310341,"w":0.03715712949633598},"size":4.585426330566406,"orthographic":false}