{"cameraMode":{"drawMode":0,"name":"Shaded","section":"Shading Mode"},"sceneLighting":false,"audioPlay":false,"sceneViewState":{"showFog":true,"showMaterialUpdate":false,"showSkybox":true,"showFlares":true,"showImageEffects":true,"showParticleSystems":true},"in2DMode":false,"pivot":{"x":-14.355210304260254,"y":4.114394187927246,"z":9.593778610229493},"rotation":{"x":0.08087059110403061,"y":-0.5298954844474793,"z":-0.05085451155900955,"w":-0.8426651358604431},"size":39.67552185058594,"orthographic":false}