{"cameraMode":{"drawMode":0,"name":"Shaded","section":"Shading Mode"},"sceneLighting":false,"audioPlay":false,"sceneViewState":{"showFog":true,"showMaterialUpdate":false,"showSkybox":true,"showFlares":true,"showImageEffects":true,"showParticleSystems":true},"in2DMode":false,"pivot":{"x":-0.8261240124702454,"y":-0.21101248264312745,"z":0.2695462703704834},"rotation":{"x":0.09469681978225708,"y":-0.7265329360961914,"z":0.10225310176610947,"w":0.672849714756012},"size":1.8149304389953614,"orthographic":false}