{"cameraMode":{"drawMode":0,"name":"Shaded","section":"Shading Mode"},"sceneLighting":true,"audioPlay":false,"sceneViewState":{"showFog":true,"showMaterialUpdate":false,"showSkybox":true,"showFlares":true,"showImageEffects":true,"showParticleSystems":true},"in2DMode":false,"pivot":{"x":0.12467274069786072,"y":-0.028955459594726564,"z":0.2660105228424072},"rotation":{"x":0.010191155597567559,"y":0.9785304665565491,"z":-0.1997029036283493,"w":0.04993075132369995},"size":4.221617221832275,"orthographic":false}