{"cameraMode":{"drawMode":0,"name":"Shaded","section":"Shading Mode"},"sceneLighting":false,"audioPlay":false,"sceneViewState":{"showFog":true,"showMaterialUpdate":false,"showSkybox":true,"showFlares":true,"showImageEffects":true,"showParticleSystems":true},"in2DMode":false,"pivot":{"x":10.074019432067871,"y":4.38234806060791,"z":-4.193704605102539},"rotation":{"x":-0.11835340410470963,"y":0.6977270245552063,"z":-0.11856367439031601,"w":-0.6964999437332153},"size":49.906028747558597,"orthographic":false}