{"cameraMode":{"drawMode":0,"name":"Shaded","section":"Shading Mode"},"sceneLighting":false,"audioPlay":false,"sceneViewState":{"showFog":true,"showMaterialUpdate":false,"showSkybox":true,"showFlares":true,"showImageEffects":true,"showParticleSystems":true},"in2DMode":false,"pivot":{"x":-7.136334419250488,"y":2.820340156555176,"z":-26.03726577758789},"rotation":{"x":-0.14440903067588807,"y":-0.6155004501342773,"z":0.11602723598480225,"w":-0.7660567760467529},"size":4.058193206787109,"orthographic":false}